theme_type,theme_name,keyword,match_type,landing_url,priority
product_categories,Vegan Protein Powder,vegan protein powder,exact,https://yourdomain.com/vegan-protein,high
product_categories,Vegan Protein Powder,vegan protein powder,phrase,https://yourdomain.com/vegan-protein,high
product_categories,Vegan Protein Powder,best vegan protein powder,exact,https://yourdomain.com/vegan-protein,high
product_categories,Vegan Protein Powder,best vegan protein powder,phrase,https://yourdomain.com/vegan-protein,high
product_categories,Vegan Protein Powder,buy vegan protein powder,exact,https://yourdomain.com/vegan-protein,high
product_categories,Vegan Protein Powder,buy vegan protein powder,phrase,https://yourdomain.com/vegan-protein,high
product_categories,Vegan Protein Powder,top vegan protein powder,exact,https://yourdomain.com/vegan-protein,high
product_categories,Vegan Protein Powder,top vegan protein powder,phrase,https://yourdomain.com/vegan-protein,high
product_categories,Vegan Protein Powder,organic vegan protein powder,exact,https://yourdomain.com/vegan-protein,high
product_categories,Vegan Protein Powder,organic vegan protein powder,phrase,https://yourdomain.com/vegan-protein,high
product_categories,Vegan Protein Powder,grass fed vegan protein powder,exact,https://yourdomain.com/vegan-protein,high
product_categories,Vegan Protein Powder,grass fed vegan protein powder,phrase,https://yourdomain.com/vegan-protein,high
product_categories,Vegan Protein Powder,vegan protein powder for women,exact,https://yourdomain.com/vegan-protein,high
product_categories,Vegan Protein Powder,vegan protein powder for women,phrase,https://yourdomain.com/vegan-protein,high
product_categories,Vegan Protein Powder,vegan protein powder for men,exact,https://yourdomain.com/vegan-protein,high
product_categories,Vegan Protein Powder,vegan protein powder for men,phrase,https://yourdomain.com/vegan-protein,high
product_categories,Vegan Protein Powder,vegan protein powder low calorie,exact,https://yourdomain.com/vegan-protein,high
product_categories,Vegan Protein Powder,vegan protein powder low calorie,phrase,https://yourdomain.com/vegan-protein,high
product_categories,Vegan Protein Powder,vegan protein powder near me,exact,https://yourdomain.com/vegan-protein,high
product_categories,Vegan Protein Powder,vegan protein powder near me,phrase,https://yourdomain.com/vegan-protein,high
product_categories,Vegan Protein Powder,vegan protein powder online,exact,https://yourdomain.com/vegan-protein,high
product_categories,Vegan Protein Powder,vegan protein powder online,phrase,https://yourdomain.com/vegan-protein,high
product_categories,Vegan Protein Powder,vegan protein powder on sale,exact,https://yourdomain.com/vegan-protein,high
product_categories,Vegan Protein Powder,vegan protein powder on sale,phrase,https://yourdomain.com/vegan-protein,high
product_categories,Vegan Protein Powder,plant based protein,exact,https://yourdomain.com/vegan-protein,high
product_categories,Vegan Protein Powder,plant based protein,phrase,https://yourdomain.com/vegan-protein,high
product_categories,Vegan Protein Powder,best plant based protein,exact,https://yourdomain.com/vegan-protein,high
product_categories,Vegan Protein Powder,best plant based protein,phrase,https://yourdomain.com/vegan-protein,high
product_categories,Vegan Protein Powder,buy plant based protein,exact,https://yourdomain.com/vegan-protein,high
product_categories,Vegan Protein Powder,buy plant based protein,phrase,https://yourdomain.com/vegan-protein,high
product_categories,Vegan Protein Powder,top plant based protein,exact,https://yourdomain.com/vegan-protein,high
product_categories,Vegan Protein Powder,top plant based protein,phrase,https://yourdomain.com/vegan-protein,high
product_categories,Vegan Protein Powder,organic plant based protein,exact,https://yourdomain.com/vegan-protein,high
product_categories,Vegan Protein Powder,organic plant based protein,phrase,https://yourdomain.com/vegan-protein,high
product_categories,Vegan Protein Powder,grass fed plant based protein,exact,https://yourdomain.com/vegan-protein,high
product_categories,Vegan Protein Powder,grass fed plant based protein,phrase,https://yourdomain.com/vegan-protein,high
product_categories,Vegan Protein Powder,plant based protein for women,exact,https://yourdomain.com/vegan-protein,high
product_categories,Vegan Protein Powder,plant based protein for women,phrase,https://yourdomain.com/vegan-protein,high
product_categories,Vegan Protein Powder,plant based protein for men,exact,https://yourdomain.com/vegan-protein,high
product_categories,Vegan Protein Powder,plant based protein for men,phrase,https://yourdomain.com/vegan-protein,high
product_categories,Vegan Protein Powder,plant based protein low calorie,exact,https://yourdomain.com/vegan-protein,high
product_categories,Vegan Protein Powder,plant based protein low calorie,phrase,https://yourdomain.com/vegan-protein,high
product_categories,Vegan Protein Powder,plant based protein near me,exact,https://yourdomain.com/vegan-protein,high
product_categories,Vegan Protein Powder,plant based protein near me,phrase,https://yourdomain.com/vegan-protein,high
product_categories,Vegan Protein Powder,plant based protein online,exact,https://yourdomain.com/vegan-protein,high
product_categories,Vegan Protein Powder,plant based protein online,phrase,https://yourdomain.com/vegan-protein,high
product_categories,Vegan Protein Powder,plant based protein on sale,exact,https://yourdomain.com/vegan-protein,high
product_categories,Vegan Protein Powder,plant based protein on sale,phrase,https://yourdomain.com/vegan-protein,high
product_categories,Vegan Protein Powder,pea protein,exact,https://yourdomain.com/vegan-protein,high
product_categories,Vegan Protein Powder,pea protein,phrase,https://yourdomain.com/vegan-protein,high
product_categories,Vegan Protein Powder,best pea protein,exact,https://yourdomain.com/vegan-protein,high
product_categories,Vegan Protein Powder,best pea protein,phrase,https://yourdomain.com/vegan-protein,high
product_categories,Vegan Protein Powder,buy pea protein,exact,https://yourdomain.com/vegan-protein,high
product_categories,Vegan Protein Powder,buy pea protein,phrase,https://yourdomain.com/vegan-protein,high
product_categories,Vegan Protein Powder,top pea protein,exact,https://yourdomain.com/vegan-protein,high
product_categories,Vegan Protein Powder,top pea protein,phrase,https://yourdomain.com/vegan-protein,high
product_categories,Vegan Protein Powder,organic pea protein,exact,https://yourdomain.com/vegan-protein,high
product_categories,Vegan Protein Powder,organic pea protein,phrase,https://yourdomain.com/vegan-protein,high
product_categories,Vegan Protein Powder,grass fed pea protein,exact,https://yourdomain.com/vegan-protein,high
product_categories,Vegan Protein Powder,grass fed pea protein,phrase,https://yourdomain.com/vegan-protein,high
product_categories,Vegan Protein Powder,pea protein for women,exact,https://yourdomain.com/vegan-protein,high
product_categories,Vegan Protein Powder,pea protein for women,phrase,https://yourdomain.com/vegan-protein,high
product_categories,Vegan Protein Powder,pea protein for men,exact,https://yourdomain.com/vegan-protein,high
product_categories,Vegan Protein Powder,pea protein for men,phrase,https://yourdomain.com/vegan-protein,high
product_categories,Vegan Protein Powder,pea protein low calorie,exact,https://yourdomain.com/vegan-protein,high
product_categories,Vegan Protein Powder,pea protein low calorie,phrase,https://yourdomain.com/vegan-protein,high
product_categories,Vegan Protein Powder,pea protein near me,exact,https://yourdomain.com/vegan-protein,high
product_categories,Vegan Protein Powder,pea protein near me,phrase,https://yourdomain.com/vegan-protein,high
product_categories,Vegan Protein Powder,pea protein online,exact,https://yourdomain.com/vegan-protein,high
product_categories,Vegan Protein Powder,pea protein online,phrase,https://yourdomain.com/vegan-protein,high
product_categories,Vegan Protein Powder,pea protein on sale,exact,https://yourdomain.com/vegan-protein,high
product_categories,Vegan Protein Powder,pea protein on sale,phrase,https://yourdomain.com/vegan-protein,high
product_categories,Electrolyte Drink Mix,electrolyte powder,exact,https://yourdomain.com/electrolytes,medium
product_categories,Electrolyte Drink Mix,electrolyte powder,phrase,https://yourdomain.com/electrolytes,medium
product_categories,Electrolyte Drink Mix,best electrolyte powder,exact,https://yourdomain.com/electrolytes,medium
product_categories,Electrolyte Drink Mix,best electrolyte powder,phrase,https://yourdomain.com/electrolytes,medium
product_categories,Electrolyte Drink Mix,buy electrolyte powder,exact,https://yourdomain.com/electrolytes,medium
product_categories,Electrolyte Drink Mix,buy electrolyte powder,phrase,https://yourdomain.com/electrolytes,medium
product_categories,Electrolyte Drink Mix,top electrolyte powder,exact,https://yourdomain.com/electrolytes,medium
product_categories,Electrolyte Drink Mix,top electrolyte powder,phrase,https://yourdomain.com/electrolytes,medium
product_categories,Electrolyte Drink Mix,organic electrolyte powder,exact,https://yourdomain.com/electrolytes,medium
product_categories,Electrolyte Drink Mix,organic electrolyte powder,phrase,https://yourdomain.com/electrolytes,medium
product_categories,Electrolyte Drink Mix,grass fed electrolyte powder,exact,https://yourdomain.com/electrolytes,medium
product_categories,Electrolyte Drink Mix,grass fed electrolyte powder,phrase,https://yourdomain.com/electrolytes,medium
product_categories,Electrolyte Drink Mix,electrolyte powder for women,exact,https://yourdomain.com/electrolytes,medium
product_categories,Electrolyte Drink Mix,electrolyte powder for women,phrase,https://yourdomain.com/electrolytes,medium
product_categories,Electrolyte Drink Mix,electrolyte powder for men,exact,https://yourdomain.com/electrolytes,medium
product_categories,Electrolyte Drink Mix,electrolyte powder for men,phrase,https://yourdomain.com/electrolytes,medium
product_categories,Electrolyte Drink Mix,electrolyte powder low calorie,exact,https://yourdomain.com/electrolytes,medium
product_categories,Electrolyte Drink Mix,electrolyte powder low calorie,phrase,https://yourdomain.com/electrolytes,medium
product_categories,Electrolyte Drink Mix,electrolyte powder near me,exact,https://yourdomain.com/electrolytes,medium
product_categories,Electrolyte Drink Mix,electrolyte powder near me,phrase,https://yourdomain.com/electrolytes,medium
product_categories,Electrolyte Drink Mix,electrolyte powder online,exact,https://yourdomain.com/electrolytes,medium
product_categories,Electrolyte Drink Mix,electrolyte powder online,phrase,https://yourdomain.com/electrolytes,medium
product_categories,Electrolyte Drink Mix,electrolyte powder on sale,exact,https://yourdomain.com/electrolytes,medium
product_categories,Electrolyte Drink Mix,electrolyte powder on sale,phrase,https://yourdomain.com/electrolytes,medium
product_categories,Electrolyte Drink Mix,hydration mix,exact,https://yourdomain.com/electrolytes,medium
product_categories,Electrolyte Drink Mix,hydration mix,phrase,https://yourdomain.com/electrolytes,medium
product_categories,Electrolyte Drink Mix,best hydration mix,exact,https://yourdomain.com/electrolytes,medium
product_categories,Electrolyte Drink Mix,best hydration mix,phrase,https://yourdomain.com/electrolytes,medium
product_categories,Electrolyte Drink Mix,buy hydration mix,exact,https://yourdomain.com/electrolytes,medium
product_categories,Electrolyte Drink Mix,buy hydration mix,phrase,https://yourdomain.com/electrolytes,medium
product_categories,Electrolyte Drink Mix,top hydration mix,exact,https://yourdomain.com/electrolytes,medium
product_categories,Electrolyte Drink Mix,top hydration mix,phrase,https://yourdomain.com/electrolytes,medium
product_categories,Electrolyte Drink Mix,organic hydration mix,exact,https://yourdomain.com/electrolytes,medium
product_categories,Electrolyte Drink Mix,organic hydration mix,phrase,https://yourdomain.com/electrolytes,medium
product_categories,Electrolyte Drink Mix,grass fed hydration mix,exact,https://yourdomain.com/electrolytes,medium
product_categories,Electrolyte Drink Mix,grass fed hydration mix,phrase,https://yourdomain.com/electrolytes,medium
product_categories,Electrolyte Drink Mix,hydration mix for women,exact,https://yourdomain.com/electrolytes,medium
product_categories,Electrolyte Drink Mix,hydration mix for women,phrase,https://yourdomain.com/electrolytes,medium
product_categories,Electrolyte Drink Mix,hydration mix for men,exact,https://yourdomain.com/electrolytes,medium
product_categories,Electrolyte Drink Mix,hydration mix for men,phrase,https://yourdomain.com/electrolytes,medium
product_categories,Electrolyte Drink Mix,hydration mix low calorie,exact,https://yourdomain.com/electrolytes,medium
product_categories,Electrolyte Drink Mix,hydration mix low calorie,phrase,https://yourdomain.com/electrolytes,medium
product_categories,Electrolyte Drink Mix,hydration mix near me,exact,https://yourdomain.com/electrolytes,medium
product_categories,Electrolyte Drink Mix,hydration mix near me,phrase,https://yourdomain.com/electrolytes,medium
product_categories,Electrolyte Drink Mix,hydration mix online,exact,https://yourdomain.com/electrolytes,medium
product_categories,Electrolyte Drink Mix,hydration mix online,phrase,https://yourdomain.com/electrolytes,medium
product_categories,Electrolyte Drink Mix,hydration mix on sale,exact,https://yourdomain.com/electrolytes,medium
product_categories,Electrolyte Drink Mix,hydration mix on sale,phrase,https://yourdomain.com/electrolytes,medium
use_cases,Post-Workout Recovery Drinks,post workout drink,exact,https://yourdomain.com/recovery,high
use_cases,Post-Workout Recovery Drinks,post workout drink,phrase,https://yourdomain.com/recovery,high
use_cases,Post-Workout Recovery Drinks,best post workout drink,exact,https://yourdomain.com/recovery,high
use_cases,Post-Workout Recovery Drinks,best post workout drink,phrase,https://yourdomain.com/recovery,high
use_cases,Post-Workout Recovery Drinks,buy post workout drink,exact,https://yourdomain.com/recovery,high
use_cases,Post-Workout Recovery Drinks,buy post workout drink,phrase,https://yourdomain.com/recovery,high
use_cases,Post-Workout Recovery Drinks,top post workout drink,exact,https://yourdomain.com/recovery,high
use_cases,Post-Workout Recovery Drinks,top post workout drink,phrase,https://yourdomain.com/recovery,high
use_cases,Post-Workout Recovery Drinks,organic post workout drink,exact,https://yourdomain.com/recovery,high
use_cases,Post-Workout Recovery Drinks,organic post workout drink,phrase,https://yourdomain.com/recovery,high
use_cases,Post-Workout Recovery Drinks,grass fed post workout drink,exact,https://yourdomain.com/recovery,high
use_cases,Post-Workout Recovery Drinks,grass fed post workout drink,phrase,https://yourdomain.com/recovery,high
use_cases,Post-Workout Recovery Drinks,post workout drink for women,exact,https://yourdomain.com/recovery,high
use_cases,Post-Workout Recovery Drinks,post workout drink for women,phrase,https://yourdomain.com/recovery,high
use_cases,Post-Workout Recovery Drinks,post workout drink for men,exact,https://yourdomain.com/recovery,high
use_cases,Post-Workout Recovery Drinks,post workout drink for men,phrase,https://yourdomain.com/recovery,high
use_cases,Post-Workout Recovery Drinks,post workout drink low calorie,exact,https://yourdomain.com/recovery,high
use_cases,Post-Workout Recovery Drinks,post workout drink low calorie,phrase,https://yourdomain.com/recovery,high
use_cases,Post-Workout Recovery Drinks,post workout drink near me,exact,https://yourdomain.com/recovery,high
use_cases,Post-Workout Recovery Drinks,post workout drink near me,phrase,https://yourdomain.com/recovery,high
use_cases,Post-Workout Recovery Drinks,post workout drink online,exact,https://yourdomain.com/recovery,high
use_cases,Post-Workout Recovery Drinks,post workout drink online,phrase,https://yourdomain.com/recovery,high
use_cases,Post-Workout Recovery Drinks,post workout drink on sale,exact,https://yourdomain.com/recovery,high
use_cases,Post-Workout Recovery Drinks,post workout drink on sale,phrase,https://yourdomain.com/recovery,high
use_cases,Post-Workout Recovery Drinks,muscle recovery supplement,exact,https://yourdomain.com/recovery,high
use_cases,Post-Workout Recovery Drinks,muscle recovery supplement,phrase,https://yourdomain.com/recovery,high
use_cases,Post-Workout Recovery Drinks,best muscle recovery supplement,exact,https://yourdomain.com/recovery,high
use_cases,Post-Workout Recovery Drinks,best muscle recovery supplement,phrase,https://yourdomain.com/recovery,high
use_cases,Post-Workout Recovery Drinks,buy muscle recovery supplement,exact,https://yourdomain.com/recovery,high
use_cases,Post-Workout Recovery Drinks,buy muscle recovery supplement,phrase,https://yourdomain.com/recovery,high
use_cases,Post-Workout Recovery Drinks,top muscle recovery supplement,exact,https://yourdomain.com/recovery,high
use_cases,Post-Workout Recovery Drinks,top muscle recovery supplement,phrase,https://yourdomain.com/recovery,high
use_cases,Post-Workout Recovery Drinks,organic muscle recovery supplement,exact,https://yourdomain.com/recovery,high
use_cases,Post-Workout Recovery Drinks,organic muscle recovery supplement,phrase,https://yourdomain.com/recovery,high
use_cases,Post-Workout Recovery Drinks,grass fed muscle recovery supplement,exact,https://yourdomain.com/recovery,high
use_cases,Post-Workout Recovery Drinks,grass fed muscle recovery supplement,phrase,https://yourdomain.com/recovery,high
use_cases,Post-Workout Recovery Drinks,muscle recovery supplement for women,exact,https://yourdomain.com/recovery,high
use_cases,Post-Workout Recovery Drinks,muscle recovery supplement for women,phrase,https://yourdomain.com/recovery,high
use_cases,Post-Workout Recovery Drinks,muscle recovery supplement for men,exact,https://yourdomain.com/recovery,high
use_cases,Post-Workout Recovery Drinks,muscle recovery supplement for men,phrase,https://yourdomain.com/recovery,high
use_cases,Post-Workout Recovery Drinks,muscle recovery supplement low calorie,exact,https://yourdomain.com/recovery,high
use_cases,Post-Workout Recovery Drinks,muscle recovery supplement low calorie,phrase,https://yourdomain.com/recovery,high
use_cases,Post-Workout Recovery Drinks,muscle recovery supplement near me,exact,https://yourdomain.com/recovery,high
use_cases,Post-Workout Recovery Drinks,muscle recovery supplement near me,phrase,https://yourdomain.com/recovery,high
use_cases,Post-Workout Recovery Drinks,muscle recovery supplement online,exact,https://yourdomain.com/recovery,high
use_cases,Post-Workout Recovery Drinks,muscle recovery supplement online,phrase,https://yourdomain.com/recovery,high
use_cases,Post-Workout Recovery Drinks,muscle recovery supplement on sale,exact,https://yourdomain.com/recovery,high
use_cases,Post-Workout Recovery Drinks,muscle recovery supplement on sale,phrase,https://yourdomain.com/recovery,high
demographics,For Busy Professionals,on the go protein,exact,https://yourdomain.com/on-the-go,medium
demographics,For Busy Professionals,on the go protein,phrase,https://yourdomain.com/on-the-go,medium
demographics,For Busy Professionals,best on the go protein,exact,https://yourdomain.com/on-the-go,medium
demographics,For Busy Professionals,best on the go protein,phrase,https://yourdomain.com/on-the-go,medium
demographics,For Busy Professionals,buy on the go protein,exact,https://yourdomain.com/on-the-go,medium
demographics,For Busy Professionals,buy on the go protein,phrase,https://yourdomain.com/on-the-go,medium
demographics,For Busy Professionals,top on the go protein,exact,https://yourdomain.com/on-the-go,medium
demographics,For Busy Professionals,top on the go protein,phrase,https://yourdomain.com/on-the-go,medium
demographics,For Busy Professionals,organic on the go protein,exact,https://yourdomain.com/on-the-go,medium
demographics,For Busy Professionals,organic on the go protein,phrase,https://yourdomain.com/on-the-go,medium
demographics,For Busy Professionals,grass fed on the go protein,exact,https://yourdomain.com/on-the-go,medium
demographics,For Busy Professionals,grass fed on the go protein,phrase,https://yourdomain.com/on-the-go,medium
demographics,For Busy Professionals,on the go protein for women,exact,https://yourdomain.com/on-the-go,medium
demographics,For Busy Professionals,on the go protein for women,phrase,https://yourdomain.com/on-the-go,medium
demographics,For Busy Professionals,on the go protein for men,exact,https://yourdomain.com/on-the-go,medium
demographics,For Busy Professionals,on the go protein for men,phrase,https://yourdomain.com/on-the-go,medium
demographics,For Busy Professionals,on the go protein low calorie,exact,https://yourdomain.com/on-the-go,medium
demographics,For Busy Professionals,on the go protein low calorie,phrase,https://yourdomain.com/on-the-go,medium
demographics,For Busy Professionals,on the go protein near me,exact,https://yourdomain.com/on-the-go,medium
demographics,For Busy Professionals,on the go protein near me,phrase,https://yourdomain.com/on-the-go,medium
demographics,For Busy Professionals,on the go protein online,exact,https://yourdomain.com/on-the-go,medium
demographics,For Busy Professionals,on the go protein online,phrase,https://yourdomain.com/on-the-go,medium
demographics,For Busy Professionals,on the go protein on sale,exact,https://yourdomain.com/on-the-go,medium
demographics,For Busy Professionals,on the go protein on sale,phrase,https://yourdomain.com/on-the-go,medium
demographics,For Busy Professionals,quick healthy drinks,exact,https://yourdomain.com/on-the-go,medium
demographics,For Busy Professionals,quick healthy drinks,phrase,https://yourdomain.com/on-the-go,medium
demographics,For Busy Professionals,best quick healthy drinks,exact,https://yourdomain.com/on-the-go,medium
demographics,For Busy Professionals,best quick healthy drinks,phrase,https://yourdomain.com/on-the-go,medium
demographics,For Busy Professionals,buy quick healthy drinks,exact,https://yourdomain.com/on-the-go,medium
demographics,For Busy Professionals,buy quick healthy drinks,phrase,https://yourdomain.com/on-the-go,medium
demographics,For Busy Professionals,top quick healthy drinks,exact,https://yourdomain.com/on-the-go,medium
demographics,For Busy Professionals,top quick healthy drinks,phrase,https://yourdomain.com/on-the-go,medium
demographics,For Busy Professionals,organic quick healthy drinks,exact,https://yourdomain.com/on-the-go,medium
demographics,For Busy Professionals,organic quick healthy drinks,phrase,https://yourdomain.com/on-the-go,medium
demographics,For Busy Professionals,grass fed quick healthy drinks,exact,https://yourdomain.com/on-the-go,medium
demographics,For Busy Professionals,grass fed quick healthy drinks,phrase,https://yourdomain.com/on-the-go,medium
demographics,For Busy Professionals,quick healthy drinks for women,exact,https://yourdomain.com/on-the-go,medium
demographics,For Busy Professionals,quick healthy drinks for women,phrase,https://yourdomain.com/on-the-go,medium
demographics,For Busy Professionals,quick healthy drinks for men,exact,https://yourdomain.com/on-the-go,medium
demographics,For Busy Professionals,quick healthy drinks for men,phrase,https://yourdomain.com/on-the-go,medium
demographics,For Busy Professionals,quick healthy drinks low calorie,exact,https://yourdomain.com/on-the-go,medium
demographics,For Busy Professionals,quick healthy drinks low calorie,phrase,https://yourdomain.com/on-the-go,medium
demographics,For Busy Professionals,quick healthy drinks near me,exact,https://yourdomain.com/on-the-go,medium
demographics,For Busy Professionals,quick healthy drinks near me,phrase,https://yourdomain.com/on-the-go,medium
demographics,For Busy Professionals,quick healthy drinks online,exact,https://yourdomain.com/on-the-go,medium
demographics,For Busy Professionals,quick healthy drinks online,phrase,https://yourdomain.com/on-the-go,medium
demographics,For Busy Professionals,quick healthy drinks on sale,exact,https://yourdomain.com/on-the-go,medium
demographics,For Busy Professionals,quick healthy drinks on sale,phrase,https://yourdomain.com/on-the-go,medium
seasonal,Back to School Wellness,healthy school snacks,exact,https://yourdomain.com/back-to-school,low
seasonal,Back to School Wellness,healthy school snacks,phrase,https://yourdomain.com/back-to-school,low
seasonal,Back to School Wellness,best healthy school snacks,exact,https://yourdomain.com/back-to-school,low
seasonal,Back to School Wellness,best healthy school snacks,phrase,https://yourdomain.com/back-to-school,low
seasonal,Back to School Wellness,buy healthy school snacks,exact,https://yourdomain.com/back-to-school,low
seasonal,Back to School Wellness,buy healthy school snacks,phrase,https://yourdomain.com/back-to-school,low
seasonal,Back to School Wellness,top healthy school snacks,exact,https://yourdomain.com/back-to-school,low
seasonal,Back to School Wellness,top healthy school snacks,phrase,https://yourdomain.com/back-to-school,low
seasonal,Back to School Wellness,organic healthy school snacks,exact,https://yourdomain.com/back-to-school,low
seasonal,Back to School Wellness,organic healthy school snacks,phrase,https://yourdomain.com/back-to-school,low
seasonal,Back to School Wellness,grass fed healthy school snacks,exact,https://yourdomain.com/back-to-school,low
seasonal,Back to School Wellness,grass fed healthy school snacks,phrase,https://yourdomain.com/back-to-school,low
seasonal,Back to School Wellness,healthy school snacks for women,exact,https://yourdomain.com/back-to-school,low
seasonal,Back to School Wellness,healthy school snacks for women,phrase,https://yourdomain.com/back-to-school,low
seasonal,Back to School Wellness,healthy school snacks for men,exact,https://yourdomain.com/back-to-school,low
seasonal,Back to School Wellness,healthy school snacks for men,phrase,https://yourdomain.com/back-to-school,low
seasonal,Back to School Wellness,healthy school snacks low calorie,exact,https://yourdomain.com/back-to-school,low
seasonal,Back to School Wellness,healthy school snacks low calorie,phrase,https://yourdomain.com/back-to-school,low
seasonal,Back to School Wellness,healthy school snacks near me,exact,https://yourdomain.com/back-to-school,low
seasonal,Back to School Wellness,healthy school snacks near me,phrase,https://yourdomain.com/back-to-school,low
seasonal,Back to School Wellness,healthy school snacks online,exact,https://yourdomain.com/back-to-school,low
seasonal,Back to School Wellness,healthy school snacks online,phrase,https://yourdomain.com/back-to-school,low
seasonal,Back to School Wellness,healthy school snacks on sale,exact,https://yourdomain.com/back-to-school,low
seasonal,Back to School Wellness,healthy school snacks on sale,phrase,https://yourdomain.com/back-to-school,low
seasonal,Back to School Wellness,study snacks protein,exact,https://yourdomain.com/back-to-school,low
seasonal,Back to School Wellness,study snacks protein,phrase,https://yourdomain.com/back-to-school,low
seasonal,Back to School Wellness,best study snacks protein,exact,https://yourdomain.com/back-to-school,low
seasonal,Back to School Wellness,best study snacks protein,phrase,https://yourdomain.com/back-to-school,low
seasonal,Back to School Wellness,buy study snacks protein,exact,https://yourdomain.com/back-to-school,low
seasonal,Back to School Wellness,buy study snacks protein,phrase,https://yourdomain.com/back-to-school,low
seasonal,Back to School Wellness,top study snacks protein,exact,https://yourdomain.com/back-to-school,low
seasonal,Back to School Wellness,top study snacks protein,phrase,https://yourdomain.com/back-to-school,low
seasonal,Back to School Wellness,organic study snacks protein,exact,https://yourdomain.com/back-to-school,low
seasonal,Back to School Wellness,organic study snacks protein,phrase,https://yourdomain.com/back-to-school,low
seasonal,Back to School Wellness,grass fed study snacks protein,exact,https://yourdomain.com/back-to-school,low
seasonal,Back to School Wellness,grass fed study snacks protein,phrase,https://yourdomain.com/back-to-school,low
seasonal,Back to School Wellness,study snacks protein for women,exact,https://yourdomain.com/back-to-school,low
seasonal,Back to School Wellness,study snacks protein for women,phrase,https://yourdomain.com/back-to-school,low
seasonal,Back to School Wellness,study snacks protein for men,exact,https://yourdomain.com/back-to-school,low
seasonal,Back to School Wellness,study snacks protein for men,phrase,https://yourdomain.com/back-to-school,low
seasonal,Back to School Wellness,study snacks protein low calorie,exact,https://yourdomain.com/back-to-school,low
seasonal,Back to School Wellness,study snacks protein low calorie,phrase,https://yourdomain.com/back-to-school,low
seasonal,Back to School Wellness,study snacks protein near me,exact,https://yourdomain.com/back-to-school,low
seasonal,Back to School Wellness,study snacks protein near me,phrase,https://yourdomain.com/back-to-school,low
seasonal,Back to School Wellness,study snacks protein online,exact,https://yourdomain.com/back-to-school,low
seasonal,Back to School Wellness,study snacks protein online,phrase,https://yourdomain.com/back-to-school,low
seasonal,Back to School Wellness,study snacks protein on sale,exact,https://yourdomain.com/back-to-school,low
seasonal,Back to School Wellness,study snacks protein on sale,phrase,https://yourdomain.com/back-to-school,low
